{
  "version": 1,
  "author": "Anonymous maker",
  "editor": "wokwi",
  "parts": [
    {
      "type": "wokwi-breadboard",
      "id": "bb1",
      "top": -137.8,
      "left": -32.8,
      "rotate": 180,
      "attrs": {}
    },
    { "type": "wokwi-arduino-uno", "id": "uno", "top": -133.8, "left": -307.8, "attrs": {} },
    {
      "type": "wokwi-led",
      "id": "led1",
      "top": -128.4,
      "left": 13.4,
      "attrs": { "color": "red", "flip": "" }
    },
    {
      "type": "wokwi-led",
      "id": "led2",
      "top": -128.4,
      "left": 32.6,
      "attrs": { "color": "red" }
    },
    {
      "type": "wokwi-led",
      "id": "led3",
      "top": -128.4,
      "left": 51.8,
      "attrs": { "color": "red" }
    },
    { "type": "wokwi-led", "id": "led4", "top": -128.4, "left": 71, "attrs": { "color": "red" } },
    {
      "type": "wokwi-led",
      "id": "led5",
      "top": -128.4,
      "left": 90.2,
      "attrs": { "color": "red" }
    },
    {
      "type": "wokwi-led",
      "id": "led6",
      "top": -128.4,
      "left": 109.4,
      "attrs": { "color": "red" }
    },
    {
      "type": "wokwi-led",
      "id": "led7",
      "top": -128.4,
      "left": 128.6,
      "attrs": { "color": "red" }
    },
    {
      "type": "wokwi-led",
      "id": "led8",
      "top": -128.4,
      "left": 147.8,
      "attrs": { "color": "red" }
    },
    { "type": "wokwi-led", "id": "led9", "top": -128.4, "left": 167, "attrs": { "color": "red" } },
    {
      "type": "wokwi-led",
      "id": "led10",
      "top": -128.4,
      "left": 186.2,
      "attrs": { "color": "red" }
    },
    {
      "type": "wokwi-resistor",
      "id": "r1",
      "top": -52.8,
      "left": 9.05,
      "rotate": 90,
      "attrs": { "value": "1000" }
    },
    {
      "type": "wokwi-resistor",
      "id": "r2",
      "top": -52.8,
      "left": 28.25,
      "rotate": 90,
      "attrs": { "value": "1000" }
    },
    {
      "type": "wokwi-resistor",
      "id": "r3",
      "top": -52.8,
      "left": 47.45,
      "rotate": 90,
      "attrs": { "value": "1000" }
    },
    {
      "type": "wokwi-resistor",
      "id": "r4",
      "top": -52.8,
      "left": 66.65,
      "rotate": 90,
      "attrs": { "value": "1000" }
    },
    {
      "type": "wokwi-resistor",
      "id": "r5",
      "top": -52.8,
      "left": 85.85,
      "rotate": 90,
      "attrs": { "value": "1000" }
    },
    {
      "type": "wokwi-resistor",
      "id": "r6",
      "top": -52.8,
      "left": 105.05,
      "rotate": 90,
      "attrs": { "value": "1000" }
    },
    {
      "type": "wokwi-resistor",
      "id": "r7",
      "top": -52.8,
      "left": 124.25,
      "rotate": 90,
      "attrs": { "value": "1000" }
    },
    {
      "type": "wokwi-resistor",
      "id": "r8",
      "top": -52.8,
      "left": 143.45,
      "rotate": 90,
      "attrs": { "value": "1000" }
    },
    {
      "type": "wokwi-resistor",
      "id": "r9",
      "top": -52.8,
      "left": 162.65,
      "rotate": 90,
      "attrs": { "value": "1000" }
    },
    {
      "type": "wokwi-resistor",
      "id": "r10",
      "top": -52.8,
      "left": 181.85,
      "rotate": 90,
      "attrs": { "value": "1000" }
    },
    { "type": "wokwi-potentiometer", "id": "pot1", "top": -78.1, "left": 230.2, "attrs": {} },
    {
      "type": "wokwi-pushbutton",
      "id": "btn1",
      "top": -67.3,
      "left": 339.5,
      "rotate": 90,
      "attrs": { "color": "green" }
    }
  ],
  "connections": [
    [ "led1:A", "bb1:59b.j", "", [ "$bb" ] ],
    [ "led1:C", "bb1:60b.j", "", [ "$bb" ] ],
    [ "led2:A", "bb1:57b.j", "", [ "$bb" ] ],
    [ "led2:C", "bb1:58b.j", "", [ "$bb" ] ],
    [ "led3:A", "bb1:55b.j", "", [ "$bb" ] ],
    [ "led3:C", "bb1:56b.j", "", [ "$bb" ] ],
    [ "led4:A", "bb1:53b.j", "", [ "$bb" ] ],
    [ "led4:C", "bb1:54b.j", "", [ "$bb" ] ],
    [ "led5:A", "bb1:51b.j", "", [ "$bb" ] ],
    [ "led5:C", "bb1:52b.j", "", [ "$bb" ] ],
    [ "led6:A", "bb1:49b.j", "", [ "$bb" ] ],
    [ "led6:C", "bb1:50b.j", "", [ "$bb" ] ],
    [ "led7:A", "bb1:47b.j", "", [ "$bb" ] ],
    [ "led7:C", "bb1:48b.j", "", [ "$bb" ] ],
    [ "led9:A", "bb1:43b.j", "", [ "$bb" ] ],
    [ "led9:C", "bb1:44b.j", "", [ "$bb" ] ],
    [ "led10:A", "bb1:41b.j", "", [ "$bb" ] ],
    [ "led10:C", "bb1:42b.j", "", [ "$bb" ] ],
    [ "r1:1", "bb1:59b.i", "", [ "$bb" ] ],
    [ "r1:2", "bb1:59t.e", "", [ "$bb" ] ],
    [ "r2:1", "bb1:57b.i", "", [ "$bb" ] ],
    [ "r2:2", "bb1:57t.e", "", [ "$bb" ] ],
    [ "r3:1", "bb1:55b.i", "", [ "$bb" ] ],
    [ "r3:2", "bb1:55t.e", "", [ "$bb" ] ],
    [ "r4:1", "bb1:53b.i", "", [ "$bb" ] ],
    [ "r4:2", "bb1:53t.e", "", [ "$bb" ] ],
    [ "r5:1", "bb1:51b.i", "", [ "$bb" ] ],
    [ "r5:2", "bb1:51t.e", "", [ "$bb" ] ],
    [ "r6:1", "bb1:49b.i", "", [ "$bb" ] ],
    [ "r6:2", "bb1:49t.e", "", [ "$bb" ] ],
    [ "r7:1", "bb1:47b.i", "", [ "$bb" ] ],
    [ "r7:2", "bb1:47t.e", "", [ "$bb" ] ],
    [ "r8:1", "bb1:45b.i", "", [ "$bb" ] ],
    [ "r8:2", "bb1:45t.e", "", [ "$bb" ] ],
    [ "r9:1", "bb1:43b.i", "", [ "$bb" ] ],
    [ "r9:2", "bb1:43t.e", "", [ "$bb" ] ],
    [ "r10:1", "bb1:41b.i", "", [ "$bb" ] ],
    [ "r10:2", "bb1:41t.e", "", [ "$bb" ] ],
    [ "bb1:60b.i", "bb1:tn.49", "cyan", [ "v0" ] ],
    [ "bb1:58b.i", "bb1:tn.47", "cyan", [ "v0" ] ],
    [ "bb1:56b.i", "bb1:tn.46", "cyan", [ "v124.8", "h-9.6" ] ],
    [ "bb1:54b.i", "bb1:tn.44", "cyan", [ "v0" ] ],
    [ "bb1:52b.i", "bb1:tn.42", "cyan", [ "v0" ] ],
    [ "bb1:50b.i", "bb1:tn.41", "cyan", [ "v0" ] ],
    [ "bb1:48b.i", "bb1:tn.39", "cyan", [ "v0" ] ],
    [ "led8:A", "bb1:45b.j", "", [ "$bb" ] ],
    [ "led8:C", "bb1:46b.j", "", [ "$bb" ] ],
    [ "bb1:46b.i", "bb1:tn.37", "cyan", [ "v0" ] ],
    [ "bb1:44b.i", "bb1:tn.36", "cyan", [ "v0" ] ],
    [ "bb1:42b.i", "bb1:tn.34", "cyan", [ "v0" ] ],
    [ "uno:0", "bb1:59t.d", "green", [ "v-19.2", "h71.5" ] ],
    [ "uno:1", "bb1:57t.d", "green", [ "v-28.8", "h90.6" ] ],
    [ "uno:2", "bb1:55t.d", "green", [ "v-38.4", "h128.9" ] ],
    [ "uno:3", "bb1:53t.d", "green", [ "v-48", "h148" ] ],
    [ "uno:4", "bb1:51t.d", "green", [ "v-57.6", "h176.7" ] ],
    [ "uno:5", "bb1:49t.d", "green", [ "v-67.2", "h215" ] ],
    [ "uno:6", "bb1:47t.d", "green", [ "v-76.8", "h243.7" ] ],
    [ "uno:7", "bb1:45t.d", "green", [ "v-86.4", "h262.8" ] ],
    [ "uno:8", "bb1:43t.d", "green", [ "v-96", "h307.6" ] ],
    [ "uno:9", "bb1:41t.d", "green", [ "v-105.6", "h336.8" ] ],
    [ "btn1:1.l", "bb1:23b.i", "", [ "$bb" ] ],
    [ "btn1:2.l", "bb1:25b.i", "", [ "$bb" ] ],
    [ "btn1:1.r", "bb1:23t.d", "", [ "$bb" ] ],
    [ "btn1:2.r", "bb1:25t.d", "", [ "$bb" ] ],
    [ "pot1:GND", "bb1:36t.d", "", [ "$bb" ] ],
    [ "pot1:SIG", "bb1:35t.d", "", [ "$bb" ] ],
    [ "pot1:VCC", "bb1:34t.d", "", [ "$bb" ] ],
    [ "uno:A0", "pot1:SIG", "magenta", [ "v38.3", "h359" ] ],
    [ "uno:5V", "pot1:VCC", "red", [ "v28.7", "h407" ] ],
    [ "uno:RESET", "bb1:25t.a", "green", [ "v47.9", "h532.1" ] ],
    [ "uno:GND.2", "bb1:tn.1", "black", [ "v19.1", "h714.3" ] ],
    [ "bb1:tn.29", "pot1:GND", "green", [ "v0" ] ],
    [ "bb1:tn.18", "bb1:23t.b", "green", [ "v-38.3", "h0.8" ] ]
  ],
  "dependencies": {}
}