{
  "version": 1,
  "author": "Anonymous maker",
  "editor": "wokwi",
  "parts": [
    { "type": "wokwi-breadboard-mini", "id": "bb1", "top": -116.6, "left": 36, "attrs": {} },
    {
      "type": "wokwi-arduino-uno",
      "id": "uno",
      "top": 64.2,
      "left": 20.6,
      "rotate": 90,
      "attrs": {}
    },
    { "type": "wokwi-led", "id": "led1", "top": -70.8, "left": 51.8, "attrs": { "color": "red" } },
    {
      "type": "wokwi-resistor",
      "id": "r1",
      "top": -24.85,
      "left": 76.8,
      "attrs": { "value": "1000" }
    }
  ],
  "connections": [
    [ "r1:1", "bb1:4b.h", "", [ "$bb" ] ],
    [ "r1:2", "bb1:10b.h", "", [ "$bb" ] ],
    [ "led1:A", "bb1:4b.g", "", [ "$bb" ] ],
    [ "led1:C", "bb1:3b.g", "", [ "$bb" ] ],
    [ "uno:GND.2", "bb1:3b.h", "black", [ "h0" ] ],
    [ "uno:13", "bb1:10b.g", "green", [ "h0" ] ]
  ],
  "dependencies": {}
}