{
  "version": 1,
  "author": "Klim",
  "editor": "wokwi",
  "parts": [
    { "type": "wokwi-breadboard-half", "id": "bb2", "top": -22.2, "left": 156.4, "attrs": {} },
    { "type": "wokwi-arduino-uno", "id": "uno", "top": -28.2, "left": -144.6, "attrs": {} },
    {
      "type": "wokwi-led",
      "id": "led1",
      "top": -3.6,
      "left": 244.2,
      "attrs": { "color": "green", "flip": "1" }
    },
    {
      "type": "wokwi-resistor",
      "id": "r1",
      "top": 42.35,
      "left": 201.6,
      "attrs": { "value": "220" }
    }
  ],
  "connections": [
    [ "r1:1", "bb2:3t.c", "", [ "$bb" ] ],
    [ "r1:2", "bb2:9t.c", "", [ "$bb" ] ],
    [ "led1:A", "bb2:9t.b", "", [ "$bb" ] ],
    [ "led1:C", "bb2:10t.b", "", [ "$bb" ] ],
    [ "led1:C", "bb2:tp.8", "green", [ "v0" ] ],
    [ "r1:1", "uno:4", "green", [ "v0" ] ],
    [ "uno:GND.3", "bb2:tp.5", "black", [ "v0" ] ]
  ],
  "dependencies": {}
}