{
  "version": 1,
  "author": "Anonymous maker",
  "editor": "wokwi",
  "parts": [
    { "type": "wokwi-breadboard-mini", "id": "bb1", "top": 65.8, "left": 237.6, "attrs": {} },
    {
      "type": "wokwi-arduino-uno",
      "id": "uno",
      "top": 246.6,
      "left": 193.4,
      "rotate": 90,
      "attrs": {}
    },
    { "type": "wokwi-led", "id": "led1", "top": 44.4, "left": 301.4, "attrs": { "color": "red" } },
    {
      "type": "wokwi-resistor",
      "id": "r1",
      "top": 90.35,
      "left": 326.4,
      "attrs": { "value": "1000" }
    }
  ],
  "connections": [
    [ "uno:GND.3", "bb1:8t.c", "red", [ "h0" ] ],
    [ "uno:13", "bb1:15t.b", "green", [ "h0" ] ],
    [ "led1:A", "bb1:9t.b", "", [ "$bb" ] ],
    [ "led1:C", "bb1:8t.b", "", [ "$bb" ] ],
    [ "r1:1", "bb1:9t.c", "", [ "$bb" ] ],
    [ "r1:2", "bb1:15t.c", "", [ "$bb" ] ]
  ],
  "dependencies": {}
}