{
  "version": 1,
  "author": "Anonymous maker",
  "editor": "wokwi",
  "parts": [
    { "type": "wokwi-breadboard-mini", "id": "bb1", "top": 56.2, "left": 420, "attrs": {} },
    { "type": "wokwi-breadboard-mini", "id": "bb2", "top": 56.2, "left": 228, "attrs": {} },
    { "type": "wokwi-breadboard-mini", "id": "bb3", "top": 56.2, "left": 45.6, "attrs": {} },
    {
      "type": "wokwi-arduino-uno",
      "id": "uno",
      "top": 246.6,
      "left": 193.4,
      "rotate": 90,
      "attrs": {}
    },
    {
      "type": "wokwi-led",
      "id": "led1",
      "top": 34.8,
      "left": 483.8,
      "attrs": { "color": "white" }
    },
    {
      "type": "wokwi-resistor",
      "id": "r1",
      "top": 80.75,
      "left": 508.8,
      "attrs": { "value": "1000" }
    },
    {
      "type": "wokwi-led",
      "id": "led2",
      "top": 44.4,
      "left": 291.8,
      "attrs": { "color": "magenta" }
    },
    {
      "type": "wokwi-led",
      "id": "led3",
      "top": 44.4,
      "left": 99.8,
      "attrs": { "color": "purple" }
    },
    {
      "type": "wokwi-resistor",
      "id": "r2",
      "top": 90.35,
      "left": 316.8,
      "attrs": { "value": "1000" }
    },
    {
      "type": "wokwi-resistor",
      "id": "r3",
      "top": 90.35,
      "left": 124.8,
      "attrs": { "value": "1000" }
    }
  ],
  "connections": [
    [ "uno:GND.3", "bb1:8t.c", "red", [ "h0" ] ],
    [ "uno:13", "bb1:15t.b", "green", [ "h0" ] ],
    [ "uno:12", "bb2:15t.c", "green", [ "h0" ] ],
    [ "uno:11", "bb3:14t.c", "green", [ "h0" ] ],
    [ "uno:GND.1", "bb2:8t.d", "black", [ "h0" ] ],
    [ "uno:GND.2", "bb3:7t.d", "black", [ "h0" ] ],
    [ "led3:A", "bb3:8t.c", "", [ "$bb" ] ],
    [ "led3:C", "bb3:7t.c", "", [ "$bb" ] ],
    [ "r3:1", "bb3:8t.d", "", [ "$bb" ] ],
    [ "r3:2", "bb3:14t.d", "", [ "$bb" ] ],
    [ "led2:A", "bb2:9t.c", "", [ "$bb" ] ],
    [ "led2:C", "bb2:8t.c", "", [ "$bb" ] ],
    [ "r2:1", "bb2:9t.d", "", [ "$bb" ] ],
    [ "r2:2", "bb2:15t.d", "", [ "$bb" ] ],
    [ "r1:1", "bb1:9t.c", "", [ "$bb" ] ],
    [ "r1:2", "bb1:15t.c", "", [ "$bb" ] ],
    [ "led1:A", "bb1:9t.b", "", [ "$bb" ] ],
    [ "led1:C", "bb1:8t.b", "", [ "$bb" ] ]
  ],
  "dependencies": {}
}